<?xml version="1.0"?>
<doc>
    <assembly>
        <name>CODE.Framework.Wpf.Theme.Geek</name>
    </assembly>
    <members>
        <member name="T:CODE.Framework.Wpf.Theme.Geek.Classes.GeekStandardFeatures">
            <summary>
            Standard features supported by the Geek theme
            </summary>
        </member>
        <member name="P:CODE.Framework.Wpf.Theme.Geek.Classes.GeekStandardFeatures.StandardViewFactory">
            <summary>Reference to the standard view factory (if supported)</summary>
        </member>
        <member name="T:CODE.Framework.Wpf.Theme.Geek.Classes.GeekStandardViewFactory">
            <summary>Factory to create standard views supported by Battleship</summary>
        </member>
        <member name="M:CODE.Framework.Wpf.Theme.Geek.Classes.GeekStandardViewFactory.GetStandardView(System.String)">
            <summary>Returns a standard view based on the view name as a string</summary>
            <param name="viewName">Standard view name</param>
            <returns>Standard view or null</returns>
        </member>
        <member name="M:CODE.Framework.Wpf.Theme.Geek.Classes.GeekStandardViewFactory.GetStandardView(CODE.Framework.Wpf.Mvvm.StandardViews)">
            <summary>Returns a standard view based on the standard view enumeration</summary>
            <param name="standardView">Standard view identifier</param>
            <returns>Standard view or null</returns>
        </member>
        <member name="T:CODE.Framework.Wpf.Theme.Geek.Controls.CloseNotificationsButton">
            <summary>
            Special button to close notifications
            </summary>
        </member>
        <member name="M:CODE.Framework.Wpf.Theme.Geek.Controls.CloseNotificationsButton.OnClick">
            <summary>
            Called when a <see cref="T:System.Windows.Controls.Button" /> is clicked.
            </summary>
        </member>
        <member name="T:CODE.Framework.Wpf.Theme.Geek.Controls.GeekPrimarySecondary">
            <summary>
            Special version of the primary secondary grid for the geek theme
            </summary>
        </member>
        <member name="F:CODE.Framework.Wpf.Theme.Geek.Controls.GeekPrimarySecondary.PrimaryTitleFontProperty">
            <summary>Font used to render the primary title</summary>
        </member>
        <member name="F:CODE.Framework.Wpf.Theme.Geek.Controls.GeekPrimarySecondary.SecondaryTitleFontProperty">
            <summary>Font used to render the secondary title</summary>
        </member>
        <member name="F:CODE.Framework.Wpf.Theme.Geek.Controls.GeekPrimarySecondary.PrimaryTitleFontSizeProperty">
            <summary>Font size used to render the primary title</summary>
        </member>
        <member name="F:CODE.Framework.Wpf.Theme.Geek.Controls.GeekPrimarySecondary.SecondaryTitleFontSizeProperty">
            <summary>Font size used to render the secondary title</summary>
        </member>
        <member name="F:CODE.Framework.Wpf.Theme.Geek.Controls.GeekPrimarySecondary.PrimaryTitleHeaderBrushProperty">
            <summary>Brush used to render the foreground of the primary title</summary>
        </member>
        <member name="F:CODE.Framework.Wpf.Theme.Geek.Controls.GeekPrimarySecondary.PrimaryTitleFooterBrushProperty">
            <summary>Brush used to render the foreground of the primary title</summary>
        </member>
        <member name="F:CODE.Framework.Wpf.Theme.Geek.Controls.GeekPrimarySecondary.SecondaryTitleHeaderBrushProperty">
            <summary>Brush used to render the foreground of the secondary title</summary>
        </member>
        <member name="F:CODE.Framework.Wpf.Theme.Geek.Controls.GeekPrimarySecondary.SecondaryTitleFooterBrushProperty">
            <summary>Brush used to render the foreground of the secondary footer</summary>
        </member>
        <member name="F:CODE.Framework.Wpf.Theme.Geek.Controls.GeekPrimarySecondary.PrimaryAreaHeaderBackgroundBrushProperty">
            <summary>Brush used to render the primary area header background</summary>
        </member>
        <member name="F:CODE.Framework.Wpf.Theme.Geek.Controls.GeekPrimarySecondary.SecondaryAreaHeaderBackgroundBrushProperty">
            <summary>Brush used to render the secondary area header background</summary>
        </member>
        <member name="F:CODE.Framework.Wpf.Theme.Geek.Controls.GeekPrimarySecondary.PrimaryElementMarginProperty">
            <summary>Margin around the primary element</summary>
        </member>
        <member name="F:CODE.Framework.Wpf.Theme.Geek.Controls.GeekPrimarySecondary.SecondaryElementMarginProperty">
            <summary>Margin around the secondary element</summary>
        </member>
        <member name="M:CODE.Framework.Wpf.Theme.Geek.Controls.GeekPrimarySecondary.AssignElements(CODE.Framework.Wpf.Layout.GridPrimarySecondary.PrimarySecondaryLayout,System.Windows.UIElement,System.Collections.Generic.IEnumerable{System.Windows.UIElement},System.Boolean)">
            <summary>
            Assigns the elements.
            </summary>
            <param name="layout">The layout.</param>
            <param name="primary">The primary.</param>
            <param name="secondary">The secondary.</param>
            <param name="mustInvalidate">if set to <c>true</c> [must invalidate].</param>
            <returns><c>true</c> if XXXX, <c>false</c> otherwise</returns>
        </member>
        <member name="M:CODE.Framework.Wpf.Theme.Geek.Controls.GeekPrimarySecondary.CustomRender(System.Windows.Media.DrawingContext)">
            <summary>
            This method draws additional elements into the main display area
            </summary>
            <param name="dc">Drawing context</param>
        </member>
        <member name="P:CODE.Framework.Wpf.Theme.Geek.Controls.GeekPrimarySecondary.PrimaryTitleFont">
            <summary>Font used to render the primary title</summary>
        </member>
        <member name="P:CODE.Framework.Wpf.Theme.Geek.Controls.GeekPrimarySecondary.SecondaryTitleFont">
            <summary>Font used to render the secondary title</summary>
        </member>
        <member name="P:CODE.Framework.Wpf.Theme.Geek.Controls.GeekPrimarySecondary.PrimaryTitleFontSize">
            <summary>Font size used to render the primary title</summary>
        </member>
        <member name="P:CODE.Framework.Wpf.Theme.Geek.Controls.GeekPrimarySecondary.SecondaryTitleFontSize">
            <summary>Font size used to render the secondary title</summary>
        </member>
        <member name="P:CODE.Framework.Wpf.Theme.Geek.Controls.GeekPrimarySecondary.PrimaryTitleHeaderBrush">
            <summary>Brush used to render the foreground of the primary title</summary>
        </member>
        <member name="P:CODE.Framework.Wpf.Theme.Geek.Controls.GeekPrimarySecondary.PrimaryTitleFooterBrush">
            <summary>Brush used to render the foreground of the primary footer</summary>
        </member>
        <member name="P:CODE.Framework.Wpf.Theme.Geek.Controls.GeekPrimarySecondary.SecondaryTitleHeaderBrush">
            <summary>Brush used to render the foreground of the secondary title</summary>
        </member>
        <member name="P:CODE.Framework.Wpf.Theme.Geek.Controls.GeekPrimarySecondary.SecondaryTitleFooterBrush">
            <summary>Brush used to render the foreground of the secondary footer</summary>
        </member>
        <member name="P:CODE.Framework.Wpf.Theme.Geek.Controls.GeekPrimarySecondary.PrimaryAreaHeaderBackgroundBrush">
            <summary>Brush used to render the primary area header background</summary>
        </member>
        <member name="P:CODE.Framework.Wpf.Theme.Geek.Controls.GeekPrimarySecondary.SecondaryAreaHeaderBackgroundBrush">
            <summary>Brush used to render the secondary area header background</summary>
        </member>
        <member name="P:CODE.Framework.Wpf.Theme.Geek.Controls.GeekPrimarySecondary.PrimaryElementMargin">
            <summary>Margin around the primary element</summary>
        </member>
        <member name="P:CODE.Framework.Wpf.Theme.Geek.Controls.GeekPrimarySecondary.SecondaryElementMargin">
            <summary>Margin around the secondary element</summary>
        </member>
        <member name="T:CODE.Framework.Wpf.Theme.Geek.Controls.GeekShellZoomSlider">
            <summary>
            Special zoom slider class used by the Geek shell
            </summary>
        </member>
        <member name="M:CODE.Framework.Wpf.Theme.Geek.Controls.GeekShellZoomSlider.OnZoomFactorChanged">
            <summary>
            Called when the zoom factor changes
            </summary>
        </member>
        <member name="T:CODE.Framework.Wpf.Theme.Geek.Standard.Notification">
            <summary>
            Interaction logic for Notification.xaml
            </summary>
            <summary>
            Notification
            </summary>
        </member>
        <member name="M:CODE.Framework.Wpf.Theme.Geek.Standard.Notification.#ctor">
            <summary>
            Initializes a new instance of the <see cref="T:CODE.Framework.Wpf.Theme.Geek.Standard.Notification"/> class.
            </summary>
        </member>
        <member name="M:CODE.Framework.Wpf.Theme.Geek.Standard.Notification.InitializeComponent">
            <summary>
            InitializeComponent
            </summary>
        </member>
    </members>
</doc>
