<?xml version="1.0" encoding="utf-8"?>
<doc>
  <assembly>
    <name>CODE.Framework.Services.Server.WebApi</name>
  </assembly>
  <members>
    <member name="" />
    <member name="N:CODE.Framework.Services.Server.WebApi" />
    <member name="M:CODE.Framework.Services.Server.WebApi.ServiceHostController`1.BeforeInvokeMethod(HttpControllerContext,System.String,System.String,MethodInfo,System.Object)"> <summary>
 Fires before the controller method is invoked. (Designed to be overridden in subclasses)
 </summary>
 <param name="controllerContext">The controller context.</param>
 <param name="methodName">Name of the method to invoke</param>
 <param name="httpVerb">HTTP verb used to call the method (Get, Put,...)</param>
 <param name="methodInfo">Detailed information about the method that is about to be invoked</param>
 <param name="inputContract">Input contract object. ("The parameter object for the method call")</param></member>
  </members>
</doc>