<?xml version="1.0"?>
<doc>
    <assembly>
        <name>CODE.Framework.Wpf.Documents</name>
    </assembly>
    <members>
        <member name="T:CODE.Framework.Wpf.Documents.DocEx">
            <summary>
            Various document extension features made available as attached properties
            </summary>
        </member>
        <member name="F:CODE.Framework.Wpf.Documents.DocEx.IsItemsHostProperty">
            <summary>
            Indicates whether the object is an items host
            </summary>
        </member>
        <member name="M:CODE.Framework.Wpf.Documents.DocEx.GetIsItemsHost(System.Windows.DependencyObject)">
            <summary>
            Gets the is items host.
            </summary>
            <param name="target">The target.</param>
            <returns><c>true</c> or <c>false</c></returns>
        </member>
        <member name="M:CODE.Framework.Wpf.Documents.DocEx.SetIsItemsHost(System.Windows.DependencyObject,System.Boolean)">
            <summary>
            Sets the is items host.
            </summary>
            <param name="target">The target.</param>
            <param name="value">if set to <c>true</c> [value].</param>
        </member>
        <member name="M:CODE.Framework.Wpf.Documents.DocEx.OnIsItemsHostChanged(System.Windows.DependencyObject,System.Windows.DependencyPropertyChangedEventArgs)">
            <summary>
            Called when is items host changes.
            </summary>
            <param name="d">The dependency object the value is set on.</param>
            <param name="e">The <see cref="T:System.Windows.DependencyPropertyChangedEventArgs"/> instance containing the event data.</param>
        </member>
        <member name="F:CODE.Framework.Wpf.Documents.DocEx.ItemsHostProperty">
            <summary>
            The items host property
            </summary>
        </member>
        <member name="M:CODE.Framework.Wpf.Documents.DocEx.SetItemsHost(System.Windows.FrameworkContentElement)">
            <summary>
            Sets the items host.
            </summary>
            <param name="element">The element.</param>
        </member>
        <member name="M:CODE.Framework.Wpf.Documents.DocEx.GetItemsHost(System.Windows.DependencyObject)">
            <summary>
            Gets the items host.
            </summary>
            <param name="dp">The dependency property to set.</param>
            <returns>FrameworkContentElement.</returns>
        </member>
        <member name="M:CODE.Framework.Wpf.Documents.DocEx.ItemsHostInitialized(System.Object,System.EventArgs)">
            <summary>
            Fires when ItemsHost is changed
            </summary>
            <param name="sender">The sender.</param>
            <param name="e">The <see cref="T:System.EventArgs"/> instance containing the event data.</param>
        </member>
        <member name="F:CODE.Framework.Wpf.Documents.DocEx.ForceRefreshExpressionProperty">
            <summary>For internal use only</summary>
        </member>
        <member name="T:CODE.Framework.Wpf.Documents.BindingToSet">
            <summary>
            For internal use only
            </summary>
        </member>
        <member name="P:CODE.Framework.Wpf.Documents.BindingToSet.Binding">
            <summary>
            Gets or sets the binding.
            </summary>
            <value>The binding.</value>
        </member>
        <member name="P:CODE.Framework.Wpf.Documents.BindingToSet.Property">
            <summary>
            Gets or sets the property.
            </summary>
            <value>The property.</value>
        </member>
        <member name="P:CODE.Framework.Wpf.Documents.BindingToSet.DependencyObject">
            <summary>
            Gets or sets the dependency object.
            </summary>
            <value>The dependency object.</value>
        </member>
        <member name="T:CODE.Framework.Wpf.Documents.DocumentDataTemplate">
            <summary>
            Data template created for easy use in data bound documents
            </summary>
        </member>
        <member name="M:CODE.Framework.Wpf.Documents.DocumentDataTemplate.LoadDocumentTemplate">
            <summary>
            Loads the document template.
            </summary>
            <returns>DependencyObject.</returns>
            <exception cref="T:System.NotImplementedException"></exception>
        </member>
        <member name="M:CODE.Framework.Wpf.Documents.DocumentDataTemplate.GetChildElements(System.Windows.DependencyObject)">
            <summary>
            Gets the child elements.
            </summary>
            <param name="parent">The parent.</param>
            <returns>IEnumerable{DependencyObject}.</returns>
        </member>
        <member name="P:CODE.Framework.Wpf.Documents.DocumentDataTemplate.DocumentVisualTree">
            <summary>
            Gets or sets the document visual tree.
            </summary>
            <value>The document visual tree.</value>
        </member>
        <member name="T:CODE.Framework.Wpf.Documents.DocumentMultiFragment">
            <summary>
            Document Fragment
            </summary>
        </member>
        <member name="M:CODE.Framework.Wpf.Documents.DocumentMultiFragment.#ctor">
            <summary>
            Initializes a new instance of the <see cref="T:CODE.Framework.Wpf.Documents.DocumentMultiFragment"/> class.
            </summary>
        </member>
        <member name="M:CODE.Framework.Wpf.Documents.DocumentMultiFragment.AddChild(System.Object)">
            <summary>
            Adds a child object.
            </summary>
            <param name="value">The child object to add.</param>
            <exception cref="T:System.NotImplementedException"></exception>
        </member>
        <member name="M:CODE.Framework.Wpf.Documents.DocumentMultiFragment.AddText(System.String)">
            <summary>
            Adds the text content of a node to the object.
            </summary>
            <param name="text">The text to add to the object.</param>
            <exception cref="T:System.NotImplementedException"></exception>
        </member>
        <member name="P:CODE.Framework.Wpf.Documents.DocumentMultiFragment.Items">
            <summary>Represents a generic fragment of multiple content items within a print document</summary>
        </member>
        <member name="T:CODE.Framework.Wpf.Documents.DocumentPaginatorEx">
            <summary>
            Document paginator class (used for print output)
            </summary>
        </member>
        <member name="M:CODE.Framework.Wpf.Documents.DocumentPaginatorEx.#ctor(System.Windows.Documents.FlowDocument,System.Windows.Size,System.Windows.Controls.PageRange)">
            <summary>
            Initializes a new instance of the <see cref="T:CODE.Framework.Wpf.Documents.DocumentPaginatorEx"/> class.
            </summary>
            <param name="document">The document.</param>
            <param name="printableArea">The printable area size.</param>
            <param name="range">The print page range.</param>
        </member>
        <member name="M:CODE.Framework.Wpf.Documents.DocumentPaginatorEx.GetTranslatedPageNumber(System.Int32)">
            <summary>Translates the index of the printed page to the actual page</summary>
            <param name="nativePageNumber">Native page number</param>
            <returns>Translated page</returns>
            <remarks>
            Example: If only pages 3-5 are printed, then whenever the system requests 
            page number 0, that is really the 3rd page (first in the printed range)
            and thus page index 2 has to be returned
            </remarks>
        </member>
        <member name="M:CODE.Framework.Wpf.Documents.DocumentPaginatorEx.GetPage(System.Int32)">
            <summary>
            When overridden in a derived class, gets the <see cref="T:System.Windows.Documents.DocumentPage" /> for the specified page number.
            </summary>
            <param name="pageNumber">The zero-based page number of the document page that is needed.</param>
            <returns>The <see cref="T:System.Windows.Documents.DocumentPage" /> for the specified <paramref name="pageNumber" />, or <see cref="F:System.Windows.Documents.DocumentPage.Missing" /> if the page does not exist.</returns>
        </member>
        <member name="M:CODE.Framework.Wpf.Documents.DocumentPaginatorEx.RenderElement(System.Windows.Media.ContainerVisual,System.Windows.FrameworkElement,CODE.Framework.Wpf.Documents.DocumentPaginatorEx.PrintElementType)">
            <summary>
            Renders the element to the provided page (container).
            </summary>
            <param name="container">The container.</param>
            <param name="visual">The visual.</param>
            <param name="alignment">The alignment.</param>
        </member>
        <member name="P:CODE.Framework.Wpf.Documents.DocumentPaginatorEx.DocumentPrintMargin">
            <summary>Defines the area within the total printable area that can be used to print page content</summary>
        </member>
        <member name="P:CODE.Framework.Wpf.Documents.DocumentPaginatorEx.OriginalPrintMargin">
            <summary>Defines the area within the total printable area that can be used for any content (including headers and footers)</summary>
        </member>
        <member name="P:CODE.Framework.Wpf.Documents.DocumentPaginatorEx.TotalPrintableArea">
            <summary>Printable page size (without margins)</summary>
        </member>
        <member name="P:CODE.Framework.Wpf.Documents.DocumentPaginatorEx.Watermark">
            <summary>Watermark</summary>
        </member>
        <member name="P:CODE.Framework.Wpf.Documents.DocumentPaginatorEx.Header">
            <summary>Header</summary>
        </member>
        <member name="P:CODE.Framework.Wpf.Documents.DocumentPaginatorEx.Footer">
            <summary>Footer</summary>
        </member>
        <member name="P:CODE.Framework.Wpf.Documents.DocumentPaginatorEx.CurrentPage">
            <summary>Page currently printing</summary>
        </member>
        <member name="P:CODE.Framework.Wpf.Documents.DocumentPaginatorEx.TotalPages">
            <summary>Total pages printing</summary>
        </member>
        <member name="P:CODE.Framework.Wpf.Documents.DocumentPaginatorEx.Range">
            <summary>Page range to print</summary>
        </member>
        <member name="P:CODE.Framework.Wpf.Documents.DocumentPaginatorEx.IsPageCountValid">
            <summary>
            When overridden in a derived class, gets a value indicating whether <see cref="P:System.Windows.Documents.DocumentPaginator.PageCount" /> is the total number of pages.
            </summary>
            <value><c>true</c> if this instance is page count valid; otherwise, <c>false</c>.</value>
            <returns>true if pagination is complete and <see cref="P:System.Windows.Documents.DocumentPaginator.PageCount" /> is the total number of pages; otherwise, false, if pagination is in process and <see cref="P:System.Windows.Documents.DocumentPaginator.PageCount" /> is the number of pages currently formatted (not the total).This value may revert to false, after being true, if <see cref="P:System.Windows.Documents.DocumentPaginator.PageSize" /> or content changes; because those events would force a repagination.</returns>
        </member>
        <member name="P:CODE.Framework.Wpf.Documents.DocumentPaginatorEx.PageCount">
            <summary>
            When overridden in a derived class, gets a count of the number of pages currently formatted
            </summary>
            <value>The page count.</value>
            <returns>A count of the number of pages that have been formatted.</returns>
        </member>
        <member name="P:CODE.Framework.Wpf.Documents.DocumentPaginatorEx.PageSize">
            <summary>
            When overridden in a derived class, gets or sets the suggested width and height of each page.
            </summary>
            <value>The size of the page.</value>
            <returns>A <see cref="T:System.Windows.Size" /> representing the width and height of each page.</returns>
        </member>
        <member name="P:CODE.Framework.Wpf.Documents.DocumentPaginatorEx.Source">
            <summary>
            When overridden in a derived class, returns the element being paginated.
            </summary>
            <value>The source.</value>
            <returns>An <see cref="T:System.Windows.Documents.IDocumentPaginatorSource" /> representing the element being paginated.</returns>
        </member>
        <member name="T:CODE.Framework.Wpf.Documents.FlowDocumentEx">
            <summary>
            Extended version of the WPF FlowDocument class
            </summary>
        </member>
        <member name="F:CODE.Framework.Wpf.Documents.FlowDocumentEx.TitleProperty">
            <summary>
            Document title
            </summary>
        </member>
        <member name="F:CODE.Framework.Wpf.Documents.FlowDocumentEx.PageHeaderProperty">
            <summary>
            Page header for printed documents
            </summary>
        </member>
        <member name="F:CODE.Framework.Wpf.Documents.FlowDocumentEx.PageFooterProperty">
            <summary>
            Page footer for printed documents
            </summary>
        </member>
        <member name="F:CODE.Framework.Wpf.Documents.FlowDocumentEx.PrintWatermarkProperty">
            <summary>
            Watermark for print output
            </summary>
        </member>
        <member name="F:CODE.Framework.Wpf.Documents.FlowDocumentEx.PrintMarginProperty">
            <summary>
            Margins applied to the document when printing
            </summary>
        </member>
        <member name="M:CODE.Framework.Wpf.Documents.FlowDocumentEx.Print">
            <summary>
            Prints this instance.
            </summary>
        </member>
        <member name="P:CODE.Framework.Wpf.Documents.FlowDocumentEx.OriginalLoadLocation">
            <summary>
            Location this document was originally loaded from
            </summary>
            <value>The original document load location.</value>
        </member>
        <member name="P:CODE.Framework.Wpf.Documents.FlowDocumentEx.Title">
            <summary>
            Document title
            </summary>
            <value>The title.</value>
        </member>
        <member name="P:CODE.Framework.Wpf.Documents.FlowDocumentEx.PageHeader">
            <summary>
            Page header for printed documents
            </summary>
        </member>
        <member name="P:CODE.Framework.Wpf.Documents.FlowDocumentEx.PageFooter">
            <summary>
            Page footer for printed documents
            </summary>
        </member>
        <member name="P:CODE.Framework.Wpf.Documents.FlowDocumentEx.PrintWatermark">
            <summary>
            Watermark for print output
            </summary>
        </member>
        <member name="P:CODE.Framework.Wpf.Documents.FlowDocumentEx.PrintMargin">
            <summary>
            Margins applied to the document when printing
            </summary>
            <value>The print margin.</value>
        </member>
        <member name="T:CODE.Framework.Wpf.Documents.DocumentFragment">
            <summary>
            Document Fragment
            </summary>
        </member>
        <member name="F:CODE.Framework.Wpf.Documents.DocumentFragment.ContentProperty">
            <summary>Represents a generic fragment of content within a print document</summary>
        </member>
        <member name="P:CODE.Framework.Wpf.Documents.DocumentFragment.Content">
            <summary>The content fragment</summary>
            <value>The content.</value>
        </member>
        <member name="T:CODE.Framework.Wpf.Documents.HtmlParagraph">
            <summary>Paragraph object capable of displaying simple HTML fragments as part of Flow Documents</summary>
        </member>
        <member name="F:CODE.Framework.Wpf.Documents.HtmlParagraph.HtmlProperty">
            <summary>HTML string (fragment with limited HTML support)</summary>
        </member>
        <member name="F:CODE.Framework.Wpf.Documents.HtmlParagraph.LeadingHtmlProperty">
            <summary>Leading HTML string (fragment with limited HTML support)</summary>
        </member>
        <member name="F:CODE.Framework.Wpf.Documents.HtmlParagraph.TrailingHtmlProperty">
            <summary>Trailing HTML string (fragment with limited HTML support)</summary>
        </member>
        <member name="F:CODE.Framework.Wpf.Documents.HtmlParagraph.TrimLeadingSpacesProperty">
            <summary>Defines whether spaces are trimmed off at the start of the paragraph</summary>
        </member>
        <member name="F:CODE.Framework.Wpf.Documents.HtmlParagraph.TrimLeadingTabsProperty">
            <summary>Defines whether spaces are trimmed off at the start of the paragraph</summary>
        </member>
        <member name="M:CODE.Framework.Wpf.Documents.HtmlParagraph.RepopulateInlines(System.Windows.DependencyObject,System.Windows.DependencyPropertyChangedEventArgs)">
            <summary>Re-creates the actual paragraph inlines based on the HTML as well as leading and trailing inlines</summary>
            <param name="source">Special Paragraph object</param>
            <param name="e">Event arguments</param>
        </member>
        <member name="P:CODE.Framework.Wpf.Documents.HtmlParagraph.Html">
            <summary>HTML string (fragment with limited HTML support)</summary>
        </member>
        <member name="P:CODE.Framework.Wpf.Documents.HtmlParagraph.LeadingHtml">
            <summary>Leading HTML string (fragment with limited HTML support)</summary>
        </member>
        <member name="P:CODE.Framework.Wpf.Documents.HtmlParagraph.TrailingHtml">
            <summary>Trailing HTML string (fragment with limited HTML support)</summary>
        </member>
        <member name="P:CODE.Framework.Wpf.Documents.HtmlParagraph.TrimLeadingSpaces">
            <summary>Defines whether spaces are trimmed off at the start of the paragraph</summary>
        </member>
        <member name="P:CODE.Framework.Wpf.Documents.HtmlParagraph.TrimLeadingTabs">
            <summary>Defines whether spaces are trimmed off at the start of the paragraph</summary>
        </member>
        <member name="T:CODE.Framework.Wpf.Documents.HtmlSection">
            <summary>
            Section class that can be populated from HTML
            </summary>
        </member>
        <member name="F:CODE.Framework.Wpf.Documents.HtmlSection.HtmlProperty">
            <summary>HTML string (fragment with limited HTML support)</summary>
        </member>
        <member name="F:CODE.Framework.Wpf.Documents.HtmlSection.Html2Property">
            <summary>HTML string (fragment with limited HTML support)</summary>
        </member>
        <member name="F:CODE.Framework.Wpf.Documents.HtmlSection.Style2Property">
            <summary>Style assigned to the HTML2 content</summary>
        </member>
        <member name="F:CODE.Framework.Wpf.Documents.HtmlSection.LeadingBlockProperty">
            <summary>Block UI positioned at the leading left/top edge of the first paragraph</summary>
        </member>
        <member name="F:CODE.Framework.Wpf.Documents.HtmlSection.LeadingBlockWidthProperty">
            <summary>Width allocated for the leading block</summary>
        </member>
        <member name="F:CODE.Framework.Wpf.Documents.HtmlSection.LeadingParagraphHtmlProperty">
            <summary>Leading HTML string (fragment with limited HTML support)</summary>
        </member>
        <member name="F:CODE.Framework.Wpf.Documents.HtmlSection.TrailingParagraphHtmlProperty">
            <summary>Trailing HTML string (fragment with limited HTML support)</summary>
        </member>
        <member name="F:CODE.Framework.Wpf.Documents.HtmlSection.TrimLeadingParagraphSpacesProperty">
            <summary>Defines whether spaces are trimmed off at the start of the paragraph</summary>
        </member>
        <member name="F:CODE.Framework.Wpf.Documents.HtmlSection.TrimLeadingParagraphTabsProperty">
            <summary>Defines whether spaces are trimmed off at the start of the paragraph</summary>
        </member>
        <member name="M:CODE.Framework.Wpf.Documents.HtmlSection.RepopulateBlocks(System.Windows.DependencyObject,System.Windows.DependencyPropertyChangedEventArgs)">
            <summary>Re-creates the actual paragraph inlines based on the HTML as well as leading and trailing inlines</summary>
            <param name="source">Special Paragraph object</param>
            <param name="e">Event arguments</param>
        </member>
        <member name="P:CODE.Framework.Wpf.Documents.HtmlSection.Html">
            <summary>HTML string (fragment with limited HTML support)</summary>
        </member>
        <member name="P:CODE.Framework.Wpf.Documents.HtmlSection.Html2">
            <summary>Second (optional) HTML string (fragment with limited HTML support)</summary>
        </member>
        <member name="P:CODE.Framework.Wpf.Documents.HtmlSection.Style2">
            <summary>Style assigned to the HTML2 content</summary>
        </member>
        <member name="P:CODE.Framework.Wpf.Documents.HtmlSection.LeadingBlock">
            <summary>Block UI positioned at the leading left/top edge of the first paragraph</summary>
        </member>
        <member name="P:CODE.Framework.Wpf.Documents.HtmlSection.LeadingBlockWidth">
            <summary>Width allocated for the leading block</summary>
        </member>
        <member name="P:CODE.Framework.Wpf.Documents.HtmlSection.LeadingParagraphHtml">
            <summary>Leading HTML string (fragment with limited HTML support)</summary>
        </member>
        <member name="P:CODE.Framework.Wpf.Documents.HtmlSection.TrailingParagraphHtml">
            <summary>Trailing HTML string (fragment with limited HTML support)</summary>
        </member>
        <member name="P:CODE.Framework.Wpf.Documents.HtmlSection.TrimLeadingParagraphSpaces">
            <summary>Defines whether spaces are trimmed off at the start of the paragraph</summary>
        </member>
        <member name="P:CODE.Framework.Wpf.Documents.HtmlSection.TrimLeadingParagraphTabs">
            <summary>Defines whether spaces are trimmed off at the start of the paragraph</summary>
        </member>
        <member name="T:CODE.Framework.Wpf.Documents.HtmlTextBlock">
            <summary>
            TextBlock that can be populated from HTML
            </summary>
        </member>
        <member name="F:CODE.Framework.Wpf.Documents.HtmlTextBlock.HtmlProperty">
            <summary>HTML string (fragment with limited HTML support)</summary>
        </member>
        <member name="M:CODE.Framework.Wpf.Documents.HtmlTextBlock.RepopulateInlines(System.Windows.DependencyObject,System.Windows.DependencyPropertyChangedEventArgs)">
            <summary>Re-creates the actual paragraph inlines based on the HTML as well as leading and trailing inlines</summary>
            <param name="source">Special Paragraph object</param>
            <param name="e">Event arguments</param>
        </member>
        <member name="P:CODE.Framework.Wpf.Documents.HtmlTextBlock.Html">
            <summary>HTML string (fragment with limited HTML support)</summary>
        </member>
        <member name="T:CODE.Framework.Wpf.Documents.HtmlToXamlHelper">
            <summary>
            This helper class provides various extension methods useful in converting HMTL to XAML
            </summary>
        </member>
        <member name="M:CODE.Framework.Wpf.Documents.HtmlToXamlHelper.ToSimplifiedInlines(System.String,System.String,System.String,System.Boolean,System.Boolean)">
            <summary>
            Converts HTML to a simple text version presented as WPF inlines
            </summary>
            <param name="html">The HTML.</param>
            <param name="leadingHtml">The leading HTML.</param>
            <param name="trailingHtml">The trailing HTML.</param>
            <param name="trimLeadingSpaces">if set to <c>true</c> [trim leading spaces].</param>
            <param name="trimLeadingTabs">if set to <c>true</c> [trim leading tabs].</param>
            <returns>IEnumerable{Inline}.</returns>
        </member>
        <member name="M:CODE.Framework.Wpf.Documents.HtmlToXamlHelper.ToBlocks(System.String,System.String,System.String,System.Boolean,System.Boolean)">
            <summary>
            Converts HTML to WPF blocks
            </summary>
            <param name="html">The HTML.</param>
            <param name="leadingHtml">The leading HTML.</param>
            <param name="trailingHtml">The trailing HTML.</param>
            <param name="trimLeadingSpaces">if set to <c>true</c> [trim leading spaces].</param>
            <param name="trimLeadingTabs">if set to <c>true</c> [trim leading tabs].</param>
            <returns>IEnumerable{Block}.</returns>
        </member>
        <member name="M:CODE.Framework.Wpf.Documents.HtmlToXamlHelper.ToInlines(System.String,System.Boolean,System.Boolean)">
            <summary>
            Converts HTML to WPF inlines
            </summary>
            <param name="html">The HTML.</param>
            <param name="trimLeadingSpaces">if set to <c>true</c> [trim leading spaces].</param>
            <param name="trimLeadingTabs">if set to <c>true</c> [trim leading tabs].</param>
            <returns>IEnumerable{Inline}.</returns>
        </member>
        <member name="M:CODE.Framework.Wpf.Documents.HtmlToXamlHelper.GetNewRunForSettings(System.Int32,System.Int32,System.Int32)">
            <summary>
            Gets the new run for settings.
            </summary>
            <param name="boldCount">The bold count.</param>
            <param name="italicCount">The italic count.</param>
            <param name="underliniedCount">The underlinied count.</param>
            <returns>Run.</returns>
        </member>
        <member name="M:CODE.Framework.Wpf.Documents.HtmlToXamlHelper.IsStartOf(System.String,System.Char[],System.Int32)">
            <summary>
            Checks whether the provided textis the start of a specified tag
            </summary>
            <param name="text">The text.</param>
            <param name="chars">The chars.</param>
            <param name="startIndex">The start index.</param>
            <returns><c>true</c> if [is start of] [the specified text]; otherwise, <c>false</c>.</returns>
        </member>
        <member name="T:CODE.Framework.Wpf.Documents.PageCount">
            <summary>Whenever this type of Run object is used within a text element, it shows the total page count</summary>
        </member>
        <member name="T:CODE.Framework.Wpf.Documents.CurrentPage">
            <summary>Whenever this type of Run object is used within a text element, it shows the current page</summary>
        </member>
        <member name="T:CODE.Framework.Wpf.Documents.PrintHelper">
            <summary>This class provides methods that make it easier to print Flow Documents</summary>
        </member>
        <member name="M:CODE.Framework.Wpf.Documents.PrintHelper.Print(System.Windows.Documents.FlowDocument)">
            <summary>Prints the specified document.</summary>
            <param name="document">The document to print.</param>
        </member>
        <member name="M:CODE.Framework.Wpf.Documents.PrintHelper.SaveAsXps(System.Windows.Documents.FlowDocument,System.String,System.Double,System.Double)">
            <summary>
            Saves a flow document as an XPS file
            </summary>
            <param name="document">The document to be sabed.</param>
            <param name="fileName">Name of the file.</param>
            <param name="pageWidth">Width of the page.</param>
            <param name="pageHeight">Height of the page.</param>
        </member>
        <member name="T:CODE.Framework.Wpf.Documents.RepeatingSection">
            <summary>
            A section of repeatable and templatable document content
            </summary>
        </member>
        <member name="M:CODE.Framework.Wpf.Documents.RepeatingSection.#ctor">
            <summary>
            Initializes a new instance of the <see cref="T:CODE.Framework.Wpf.Documents.RepeatingSection"/> class.
            </summary>
        </member>
        <member name="F:CODE.Framework.Wpf.Documents.RepeatingSection.ItemsSourceProperty">
            <summary>
            Items source (data source)
            </summary>
        </member>
        <member name="F:CODE.Framework.Wpf.Documents.RepeatingSection.ItemTemplateProperty">
            <summary>
            Document template for each item
            </summary>
        </member>
        <member name="F:CODE.Framework.Wpf.Documents.RepeatingSection.ItemTemplateSelectorProperty">
            <summary>Item Template Selector.</summary>
        </member>
        <member name="F:CODE.Framework.Wpf.Documents.RepeatingSection.ItemsPanelProperty">
            <summary>
            Items panel template (defines the arrangement of each item relative to each other)
            </summary>
        </member>
        <member name="M:CODE.Framework.Wpf.Documents.RepeatingSection.ItemsSourceChanged">
            <summary>
            Fires when the items souce changes
            </summary>
        </member>
        <member name="M:CODE.Framework.Wpf.Documents.RepeatingSection.ItemsCollectionChanged(System.Object,System.Collections.Specialized.NotifyCollectionChangedEventArgs)">
            <summary>
            Fires when the items collection changes
            </summary>
            <param name="sender">The sender.</param>
            <param name="e">The <see cref="T:System.Collections.Specialized.NotifyCollectionChangedEventArgs"/> instance containing the event data.</param>
        </member>
        <member name="M:CODE.Framework.Wpf.Documents.RepeatingSection.GenerateContent">
            <summary>
            Generates content based on the template information
            </summary>
            <exception cref="T:System.Exception">ItemsPanel must be a block element</exception>
        </member>
        <member name="M:CODE.Framework.Wpf.Documents.RepeatingSection.LoadDataTemplate(System.Windows.DataTemplate)">
            <summary>
            Loads the data template.
            </summary>
            <param name="dataTemplate">The data template.</param>
            <returns>List{FrameworkContentElement}.</returns>
        </member>
        <member name="M:CODE.Framework.Wpf.Documents.RepeatingSection.ProcessDataTemplateItems(System.Windows.DependencyObject)">
            <summary>
            Processes the data template items.
            </summary>
            <param name="content">The content.</param>
            <returns>FrameworkContentElement.</returns>
            <exception cref="T:System.Exception">Data template needs to contain a DocumentFragment, MultiFragment, or TextBlock.</exception>
        </member>
        <member name="M:CODE.Framework.Wpf.Documents.RepeatingSection.ConvertToBlock(System.Object,System.Object)">
            <summary>
            Convert "data" to a flow document block object. If data is already a block, the return value is data recast.
            </summary>
            <param name="dataContext">only used when bindable content needs to be created</param>
            <param name="data"></param>
            <returns></returns>
        </member>
        <member name="P:CODE.Framework.Wpf.Documents.RepeatingSection.ItemsSource">
            <summary>
            Items source (data source)
            </summary>
            <value>The items source.</value>
        </member>
        <member name="P:CODE.Framework.Wpf.Documents.RepeatingSection.ItemTemplate">
            <summary>
            Document template for each item
            </summary>
            <value>The item template.</value>
        </member>
        <member name="P:CODE.Framework.Wpf.Documents.RepeatingSection.ItemTemplateSelector">
            <summary>Item Template Selector.</summary>
            <value>The item template selector.</value>
        </member>
        <member name="P:CODE.Framework.Wpf.Documents.RepeatingSection.ItemsPanel">
            <summary>
            Items panel template (defines the arrangement of each item relative to each other)
            </summary>
            <value>The items panel.</value>
        </member>
        <member name="T:CODE.Framework.Wpf.Documents.Properties.Resources">
            <summary>
              A strongly-typed resource class, for looking up localized strings, etc.
            </summary>
        </member>
        <member name="P:CODE.Framework.Wpf.Documents.Properties.Resources.ResourceManager">
            <summary>
              Returns the cached ResourceManager instance used by this class.
            </summary>
        </member>
        <member name="P:CODE.Framework.Wpf.Documents.Properties.Resources.Culture">
            <summary>
              Overrides the current thread's CurrentUICulture property for all
              resource lookups using this strongly typed resource class.
            </summary>
        </member>
    </members>
</doc>
